T,sigma,kappa,Seebeck
302.9493088,8.42E+03,0.342175668,2.47E-04
322.9493088,7.56E+03,0.308437403,2.60E-04
343.0414747,6.80E+03,0.246241693,2.69E-04
